PRODUCTCOSTHISTORYKEY,PRODUCTID,PRODUCTKEY,HISTORYSTARTDATE,HISTORYENDDATE,STANDARDCOST,HISTORYMODIFIEDDATE,ISCURRENT,STARTDATE,ENDDATE,HASHDIFF
1,804,1,2012-05-30,2013-05-29,101.89,2013-05-29 00:00:00.000,True,2006-06-23,9999-12-31 00:00:00,bbb3b75c23fafee64ea4af9fec083a9de688df3777ffe1df088c23c6233275a0
2,803,2,2012-05-30,2013-05-29,77.92,2013-05-29 00:00:00.000,True,2006-06-23,9999-12-31 00:00:00,2d5949e3dad7e6d0db4c7e92a57c5c8796b42bf826618c6df5b8fbeff6c58746
3,802,3,2012-05-30,2013-05-29,65.81,2013-05-29 00:00:00.000,True,2006-06-23,9999-12-31 00:00:00,329a81c80192558389718d484d02698ba7daad6933d10e06a65aaa73d71d8a2f
4,937,4,2013-05-30,,35.96,2013-05-16 00:00:00.000,True,2006-06-23,9999-12-31 00:00:00,aa88c071289598bd12600faf2332b6b6574dda6bc8fb0cf0f86bbcb9c4d9a3e0
5,940,5,2013-05-30,,35.96,2013-05-16 00:00:00.000,True,2006-06-23,9999-12-31 00:00:00,b96cdc5b322b0e369a95c95df75f1cfa53404660ca87a34051b253faeeeeddbe
6,941,6,2013-05-30,,35.96,2013-05-16 00:00:00.000,True,2006-06-23,9999-12-31 00:00:00,19212e0b2b61435259cf353a467f4340e8855c2168410a9ae53ad0da02d610c4
7,936,7,2013-05-30,,27.57,2013-05-16 00:00:00.000,True,2006-06-23,9999-12-31 00:00:00,c03f3416c9635ec50b533842fadd70a5e997c04c27bde0f778ccd1ebfbb1ef89
8,939,8,2013-05-30,,27.57,2013-05-16 00:00:00.000,True,2006-06-23,9999-12-31 00:00:00,bbec1f51d2a5da22971335ee6936127e01d99aeab2d86aaadbda7b32e1ec8b14
9,935,9,2013-05-30,,17.98,2013-05-16 00:00:00.000,True,2006-06-23,9999-12-31 00:00:00,a32569afe1210487ec47483f21e282bf24d2295be0959c21b0c165984fe0ed11
10,938,10,2013-05-30,,17.98,2013-05-16 00:00:00.000,True,2006-06-23,9999-12-31 00:00:00,0d093674c905b66be99f5fc6255a6a151b0cf51372599c5a451e1fb299bb82a1
11,772,11,2011-05-31,2012-05-29,1912.15,2012-05-29 00:00:00.000,True,2006-06-23,9999-12-31 00:00:00,bba4e6ce21518ac21430415dcba8d8b59762c7a9e4e90f9c39292c6428a0dff6
12,773,12,2011-05-31,2012-05-29,1912.15,2012-05-29 00:00:00.000,True,2006-06-23,9999-12-31 00:00:00,91198ee7da7a62d79603e54893e9e67addb4ec7ba717d2e334233245a65fc552
13,774,13,2011-05-31,2012-05-29,1912.15,2012-05-29 00:00:00.000,True,2006-06-23,9999-12-31 00:00:00,5754137d052f03397553de3fe0b124e566cfad37db62c88e5b64d84e1873b7d4
14,771,14,2011-05-31,2012-05-29,1912.15,2012-05-29 00:00:00.000,True,2006-06-23,9999-12-31 00:00:00,89f1293512e915fc8c1b0601ed792658ba629dcabfb7074eab476154a382efc4
15,775,15,2011-05-31,2012-05-29,1898.09,2012-05-29 00:00:00.000,True,2006-06-23,9999-12-31 00:00:00,35fca0f0d12dfda685bf7c59f28ae166a1758fbc3c86c45c05dc0c76f62b8158
16,776,16,2011-05-31,2012-05-29,1898.09,2012-05-29 00:00:00.000,True,2006-06-23,9999-12-31 00:00:00,3cd0baa1d5147e47cad6545effd0f3f32a9a38b0c5d9a001d5153cf0ce9418a5
17,777,17,2011-05-31,2012-05-29,1898.09,2012-05-29 00:00:00.000,True,2006-06-23,9999-12-31 00:00:00,56b90c46ec437880f603bb24b597179abd2a3db98f4c4956735ed09391add8ac
18,778,18,2011-05-31,2012-05-29,1898.09,2012-05-29 00:00:00.000,True,2006-06-23,9999-12-31 00:00:00,12398bfb2ec7078bcd8f2e98615407d1017d970685dfaafecd2be031348c28d9
19,779,19,2012-05-30,2013-05-29,1117.86,2013-05-29 00:00:00.000,True,2006-06-23,9999-12-31 00:00:00,e0bfa43bb33b42532bc55916cdd8fcd309aa3d756a429f291b4ed2bcdd05dea1
20,779,19,2013-05-30,,1265.62,2013-05-16 00:00:00.000,True,2006-06-23,9999-12-31 00:00:00,d687a0f092ba961b6f557f182ad92ab5c01731ba7bc3e2713ab677e3b30a7fd1
21,780,20,2012-05-30,2013-05-29,1117.86,2013-05-29 00:00:00.000,True,2006-06-23,9999-12-31 00:00:00,87a228cf06ca155c650c959c854c9627535c353c1da7e076e330f638190dda46
22,780,20,2013-05-30,,1265.62,2013-05-16 00:00:00.000,True,2006-06-23,9999-12-31 00:00:00,8b353cc1e3f45011f0337361cde925dfdc7aeaeb68b0bf9fa5aab2d4b0b7681a
23,781,21,2012-05-30,2013-05-29,1117.86,2013-05-29 00:00:00.000,True,2006-06-23,9999-12-31 00:00:00,dbfdfcb90cea1a20ed9433d8029aeba5c8efb502866abb27bf8b0a7b26546510
24,781,21,2013-05-30,,1265.62,2013-05-16 00:00:00.000,True,2006-06-23,9999-12-31 00:00:00,a7c23db4621102b8315b36507b21891454aa67f3477e67dc874ecd6e0ef9c403
25,782,22,2012-05-30,2013-05-29,1105.81,2013-05-29 00:00:00.000,True,2006-06-23,9999-12-31 00:00:00,3a3980cbbc48098a3d0ecc047d94823972e68abcc9fc9298ba81b9f14ebdddff
26,782,22,2013-05-30,,1251.98,2013-05-16 00:00:00.000,True,2006-06-23,9999-12-31 00:00:00,2662ba96d7a95f2e69dee87ae996913f405291675ad057574a505ac9b82b0fc9
27,783,23,2012-05-30,2013-05-29,1105.81,2013-05-29 00:00:00.000,True,2006-06-23,9999-12-31 00:00:00,2c9e326477f0f87fdb195ead344f8220773b1250e0b5bb19be7b177f3a2f6079
28,783,23,2013-05-30,,1251.98,2013-05-16 00:00:00.000,True,2006-06-23,9999-12-31 00:00:00,c87acc6b260a69104fad2e0289b119274abb007912d42048c3573849418a699a
29,784,24,2012-05-30,2013-05-29,1105.81,2013-05-29 00:00:00.000,True,2006-06-23,9999-12-31 00:00:00,3bf30b5b1f42189dffede1cac7f6465521324e80d4da9c693a9261efe5c208eb
30,784,24,2013-05-30,,1251.98,2013-05-16 00:00:00.000,True,2006-06-23,9999-12-31 00:00:00,aafdd1e40616a8435b787ef12e884f22294ed47b3105e10676157a3aaf261157
31,787,25,2012-05-30,2013-05-29,598.44,2013-05-29 00:00:00.000,True,2006-06-23,9999-12-31 00:00:00,57516bed769a71880d8ad1b826f788fbf51c5f00ab446c88bec8a78cfe1170c5
32,788,26,2012-05-30,2013-05-29,598.44,2013-05-29 00:00:00.000,True,2006-06-23,9999-12-31 00:00:00,10bc07859c5bea36312f800cf590b66a43f60bd66f17181f1ac118d100402dee
33,786,27,2012-05-30,2013-05-29,598.44,2013-05-29 00:00:00.000,True,2006-06-23,9999-12-31 00:00:00,6b25575c95d22b1aba9182b108134a4816ab15e496d2287069b55d422a2e5d41
34,785,28,2012-05-30,2013-05-29,598.44,2013-05-29 00:00:00.000,True,2006-06-23,9999-12-31 00:00:00,bc27baba062c5ee452ef1932f692180e557662de68afa8d4cfb199725cbcbe02
35,980,29,2013-05-30,,419.78,2013-05-16 00:00:00.000,True,2006-06-23,9999-12-31 00:00:00,a4af5e56fa3069b8107a0b2bfa97bb534fd0cead8446ef37a1c405d27d4b99b5
36,981,30,2013-05-30,,419.78,2013-05-16 00:00:00.000,True,2006-06-23,9999-12-31 00:00:00,282bb419d87add96b36d4b39be1ab0d3b6d1567b8ee08bed9d0db3826f5dc433
37,982,31,2013-05-30,,419.78,2013-05-16 00:00:00.000,True,2006-06-23,9999-12-31 00:00:00,b8a235f8fe19941b1128afbcdb1151bd26ec7695d1cf09a2dfdcd7a7bd927dc2
38,983,32,2013-05-30,,419.78,2013-05-16 00:00:00.000,True,2006-06-23,9999-12-31 00:00:00,6b3bb2c14e32ba1c5e615ffbb07754499e30c91e72191f68d5523518a36368b8
39,984,33,2013-05-30,,308.22,2013-05-16 00:00:00.000,True,2006-06-23,9999-12-31 00:00:00,6f5d9c2df37ad44469d7ce13abd5d6d7a85918b5bdd1931c56c583273ead0c0c
40,985,34,2013-05-30,,308.22,2013-05-16 00:00:00.000,True,2006-06-23,9999-12-31 00:00:00,336948a8873dcaae55a47d714242b3b883325c68f0620fad172c997b20a897eb
41,986,35,2013-05-30,,308.22,2013-05-16 00:00:00.000,True,2006-06-23,9999-12-31 00:00:00,2b7d5c60222258fa0e8897a51cae1beb9d00c029faa33ce1f1c8d34bf722128d
42,987,36,2013-05-30,,308.22,2013-05-16 00:00:00.000,True,2006-06-23,9999-12-31 00:00:00,912e74484fb367e3e2613430c8957ad4735fc73c7f4a48e550152f98b16353a0
43,988,37,2013-05-30,,308.22,2013-05-16 00:00:00.000,True,2006-06-23,9999-12-31 00:00:00,ca2ccdc484a53b94b971cc7a68092b6a2c9938b5756ce6ed69be03cc2f8183c3
44,989,38,2013-05-30,,294.58,2013-05-16 00:00:00.000,True,2006-06-23,9999-12-31 00:00:00,99c40ec1c901bd2a1aeb422e40ea627ecc93d0e33024d71cb68ce07023fae3c1
45,990,39,2013-05-30,,294.58,2013-05-16 00:00:00.000,True,2006-06-23,9999-12-31 00:00:00,74e3457f32db715bb25ebf8c014b104b20a7345ee8aabbb1625e323f5c7470e6
46,991,40,2013-05-30,,294.58,2013-05-16 00:00:00.000,True,2006-06-23,9999-12-31 00:00:00,ef2a33862d715f490a58abb6f11a69cf237d453cb4d69afcd1f101b723aa2fd2
47,992,41,2013-05-30,,294.58,2013-05-16 00:00:00.000,True,2006-06-23,9999-12-31 00:00:00,153ab5b878b655177d6850a96908aaf832c3025791ef034188714270973b39f1
48,993,42,2013-05-30,,294.58,2013-05-16 00:00:00.000,True,2006-06-23,9999-12-31 00:00:00,74e56ab78f5fe9eae76633bd15ce938f1b90444c37bf91a6a325fc661d2cc0c2
49,712,43,2011-05-31,2012-05-29,5.71,2012-05-29 00:00:00.000,True,2006-06-23,9999-12-31 00:00:00,e0efc67471e3e881977709db4ee1ff3509c795bef808343059f3109831509df9
50,712,43,2012-05-30,2013-05-29,5.23,2013-05-29 00:00:00.000,True,2006-06-23,9999-12-31 00:00:00,9287263444e0eee83501c5b592c323bb8daf953bcac4b9124fdc33a7ca39fb86
51,712,43,2013-05-30,,6.92,2013-05-16 00:00:00.000,True,2006-06-23,9999-12-31 00:00:00,01f1c36ea5138e34247354484609ab65d2e7f4344ef0d603000ec6344227a055
52,848,44,2012-05-30,2013-05-29,18.56,2013-05-29 00:00:00.000,True,2006-06-23,9999-12-31 00:00:00,9e28cd528ec1248f2e09fb8612bb55b77ef490b0537366e0b391ca1d2a71218e
53,847,45,2012-05-30,2013-05-29,14.43,2013-05-29 00:00:00.000,True,2006-06-23,9999-12-31 00:00:00,9c82796bf012d681d22409c9eda67ec68a4b72f4896e22356b8be6c5120860d2
54,846,46,2012-05-30,2013-05-29,5.77,2013-05-29 00:00:00.000,True,2006-06-23,9999-12-31 00:00:00,56fd2c0ffe2885b0bcb4e32557a237972f669c65fb60fe7a7443772c5807b1b4
55,894,47,2013-05-30,,53.93,2013-05-16 00:00:00.000,True,2006-06-23,9999-12-31 00:00:00,6bbf47479f10f1bfe2246c6ecbff7624d777cd5bd7c054263c3ed16ae34017e0
56,945,48,2013-05-30,,40.62,2013-05-16 00:00:00.000,True,2006-06-23,9999-12-31 00:00:00,3d6ed4a32114ef56a5fbb56731361ce7f78f2668b33b3f9fb0eabb65abdd7f66
57,864,49,2013-05-30,,23.75,2013-05-16 00:00:00.000,True,2006-06-23,9999-12-31 00:00:00,0c796ac04a43e985ca349ed9b91a23fb698b287d0bca60f08e6504fe2137556c
58,865,50,2013-05-30,,23.75,2013-05-16 00:00:00.000,True,2006-06-23,9999-12-31 00:00:00,6caf24dba7c4c1927c7e24676044c8e7451648a7f90562f7be9de6e0e5808428
59,866,51,2013-05-30,,23.75,2013-05-16 00:00:00.000,True,2006-06-23,9999-12-31 00:00:00,72c3a6632e7adf5b4a0b2787582cfb2686cc4e11655ab4eaddf5fd8ca0d8e5b3
60,951,305,2013-05-30,,179.82,2013-05-16 00:00:00.000,True,2006-06-23,9999-12-31 00:00:00,4f0a69fa74ff4d2755896e7c5a7f00bec41514d5249b8ee2cbfc9e10257989db
61,950,306,2013-05-30,,113.88,2013-05-16 00:00:00.000,True,2006-06-23,9999-12-31 00:00:00,6536c24c3d86d178c3a1957cb458dcedd7a96a489f38306a0ad6cf1dc3929d1e
62,949,307,2013-05-30,,77.92,2013-05-16 00:00:00.000,True,2006-06-23,9999-12-31 00:00:00,57f7dac25b816fffdbc564f26b93d13acd15b34b23d7ff1b0366b7fe1f73768c
63,876,308,2013-05-30,,44.88,2013-05-16 00:00:00.000,True,2006-06-23,9999-12-31 00:00:00,011afe8e2e0fa6401f2ce456e6e4c96ee5b1c72122a34b185d97885efdb88afd
64,707,309,2011-05-31,2012-05-29,12.03,2025-07-17 10:43:24.713,True,2006-06-23,9999-12-31 00:00:00,8bba305cd0cf0fa30d5d30eab1d9318179e224ffb588f33b7421eecef11054ac
65,707,309,2012-05-30,2013-05-29,13.88,2013-05-29 00:00:00.000,True,2006-06-23,9999-12-31 00:00:00,f8c579a4ac4d947993d0345836b2f089ae6a56ac91fda880249aa08ea118dbfb
66,707,309,2013-05-30,,13.09,2013-05-16 00:00:00.000,True,2006-06-23,9999-12-31 00:00:00,db324352aa722a4c4d6e182b9831f8e2df2ee5626a299235b1884f826fd5c5e5
67,708,310,2011-05-31,2012-05-29,12.03,2025-07-17 10:43:24.713,True,2006-06-23,9999-12-31 00:00:00,903eb6fe155abd4082013978052f5803020dd790b495f82891ddd02eaa675532
68,708,310,2012-05-30,2013-05-29,13.88,2013-05-29 00:00:00.000,True,2006-06-23,9999-12-31 00:00:00,b108b683a2ea00863c19b238467e989973768ed5acf276fa0ca4a07a6854ab74
69,708,310,2013-05-30,,13.09,2013-05-16 00:00:00.000,True,2006-06-23,9999-12-31 00:00:00,8bb0948ed7a0c8365a06d3404c4bfdff2bcb85f96a80d3918e23e136dee6fb41
70,711,311,2011-05-31,2012-05-29,12.03,2025-07-17 10:43:24.713,True,2006-06-23,9999-12-31 00:00:00,0246a0d3051b1a3e79de51c75c5ffb969fba6227ab693ef810c331a7283ae9e1
71,711,311,2012-05-30,2013-05-29,13.88,2013-05-29 00:00:00.000,True,2006-06-23,9999-12-31 00:00:00,2a80a559e52f9441fdd57bfb3b525f826cf494495b11d8ceacc23ba6114cf67e
72,711,311,2013-05-30,,13.09,2013-05-16 00:00:00.000,True,2006-06-23,9999-12-31 00:00:00,81b0df8fb19827d117c986a2069ae44b6ff05ca70f3f00888e3b4f2ca8c98c23
73,878,312,2013-05-30,,8.22,2013-05-16 00:00:00.000,True,2006-06-23,9999-12-31 00:00:00,f3d332d376dd8bf1af0ab548a2e041b3a49a42bb436723269b6746eb6036b6b5
74,750,313,2011-05-31,2012-05-29,2171.29,2012-05-29 00:00:00.000,True,2006-06-23,9999-12-31 00:00:00,a55fd5283d7dbd69007c2dde3d7c7e8431826ddba9eff8a61bd5b26e25e0b856
75,751,314,2011-05-31,2012-05-29,2171.29,2012-05-29 00:00:00.000,True,2006-06-23,9999-12-31 00:00:00,46f99815500758a1722b55f3fb9b76b7dae427b71b0212be1f94eed2548c41ba
76,752,315,2011-05-31,2012-05-29,2171.29,2012-05-29 00:00:00.000,True,2006-06-23,9999-12-31 00:00:00,3d30bfa776b93007e83ab24a6c50e66220d3d63ea4c1fcacdf25a4b9bdabc45d
77,753,316,2011-05-31,2012-05-29,2171.29,2012-05-29 00:00:00.000,True,2006-06-23,9999-12-31 00:00:00,16caef54d44afe3c1834ae89c4f12677518cd2c41e9abe7e4dd234d038211f92
78,749,317,2011-05-31,2012-05-29,2171.29,2012-05-29 00:00:00.000,True,2006-06-23,9999-12-31 00:00:00,e71bf457e9e2326b83dc91b990c3cc154b95e622752f6121669b31da171ca5c6
79,794,318,2012-05-30,2013-05-29,1320.68,2013-05-29 00:00:00.000,True,2006-06-23,9999-12-31 00:00:00,3a388ffd7bf792348d2cc09f6b0b23c938c3349bed2836f2091bddb392152a2b
80,794,318,2013-05-30,,1554.95,2013-05-16 00:00:00.000,True,2006-06-23,9999-12-31 00:00:00,ed2c2b74cab00cfda47142f81a3c2d257d211221bf9758d8019023636d641ba3
81,793,319,2012-05-30,2013-05-29,1320.68,2013-05-29 00:00:00.000,True,2006-06-23,9999-12-31 00:00:00,ed478d74815a4cb484cb355059dba8fd2adfcbce81b7be6a6d421d21720efbe6
82,793,319,2013-05-30,,1554.95,2013-05-16 00:00:00.000,True,2006-06-23,9999-12-31 00:00:00,54bc95df1efe183f1a3820d5edf578b9d84997cc887902ca974eb0930a9e47ac
83,792,320,2012-05-30,2013-05-29,1320.68,2013-05-29 00:00:00.000,True,2006-06-23,9999-12-31 00:00:00,9bf0eb51c61c8af6e37a986404fd9e07e996f1d963bc8049fb6112f6ab0a353b
84,792,320,2013-05-30,,1554.95,2013-05-16 00:00:00.000,True,2006-06-23,9999-12-31 00:00:00,483a553e089ad6d41b9652862567e89cff0aa72b2605005de159e58cd4f306bb
85,791,321,2012-05-30,2013-05-29,1518.79,2013-05-29 00:00:00.000,True,2006-06-23,9999-12-31 00:00:00,266eee6fde762a5458aa3c959cfb3348c3cf9e4ba454d1866ce5e2b0ea513a33
86,790,322,2012-05-30,2013-05-29,1518.79,2013-05-29 00:00:00.000,True,2006-06-23,9999-12-31 00:00:00,0b366b1a40f013102f882c8a805f71e82939223d7231fb6724e6f8936b49e65f
87,789,323,2012-05-30,2013-05-29,1518.79,2013-05-29 00:00:00.000,True,2006-06-23,9999-12-31 00:00:00,0b599f8b91b62f2c405daee0f01e04b89d2ce1b3471cf75a9630e1efdb75f583
88,795,324,2012-05-30,2013-05-29,1320.68,2013-05-29 00:00:00.000,True,2006-06-23,9999-12-31 00:00:00,6c7fc976cd67cdc5dbd80ecb287bf174927e00490ab7ea5f72013496a65970f2
89,795,324,2013-05-30,,1554.95,2013-05-16 00:00:00.000,True,2006-06-23,9999-12-31 00:00:00,a688c88d154041a1705e50ec5d10ec77fd7fd229949f26d9603da7da651cc2be
90,796,325,2012-05-30,2013-05-29,1320.68,2013-05-29 00:00:00.000,True,2006-06-23,9999-12-31 00:00:00,e3992671b0aba20bdccb0236e5390ed2a96dffaa03eb5631ba6fe51fbd1e2cd0
91,796,325,2013-05-30,,1554.95,2013-05-16 00:00:00.000,True,2006-06-23,9999-12-31 00:00:00,807dc4e931b9a1ce012ea925ce01bf66cf6d6df34f6365b53260660edf2fc478
92,973,326,2013-05-30,,1082.51,2013-05-16 00:00:00.000,True,2006-06-23,9999-12-31 00:00:00,545f7ff15adb280e9b1c1b68fd5b0b1e51095f4a3eea15af74b9e602a5a0e98c
93,974,327,2013-05-30,,1082.51,2013-05-16 00:00:00.000,True,2006-06-23,9999-12-31 00:00:00,095bb74e49733504fc5aa41ab2996476316688b3d49012f818ee8931c36561f3
94,975,328,2013-05-30,,1082.51,2013-05-16 00:00:00.000,True,2006-06-23,9999-12-31 00:00:00,378b411f95258033d7ecc4d1a8918331a427af0b85699ed0eceb66793ab28b09
95,976,329,2013-05-30,,1082.51,2013-05-16 00:00:00.000,True,2006-06-23,9999-12-31 00:00:00,5d536417cdf30eedb501093b55524f116f0e0f587c93b7ed2500f9b679b1b110
96,758,330,2011-05-31,2012-05-29,884.71,2012-05-29 00:00:00.000,True,2006-06-23,9999-12-31 00:00:00,e940dea9125636eabc507425e7b5a1650f780a65df4e6e65eaa38ab63a977553
97,757,331,2011-05-31,2012-05-29,884.71,2012-05-29 00:00:00.000,True,2006-06-23,9999-12-31 00:00:00,d5fe15187f2e02f0da74dad91dea0587b8d4edd570b34f6260a9a8bca07b14ee
98,756,332,2011-05-31,2012-05-29,884.71,2012-05-29 00:00:00.000,True,2006-06-23,9999-12-31 00:00:00,174ce209965952e71240040798ac2d33a82f8a376c4e4b2ec7fbee86ba8dd55a
99,755,333,2011-05-31,2012-05-29,884.71,2012-05-29 00:00:00.000,True,2006-06-23,9999-12-31 00:00:00,15e9db0ac6851aa798a74404197fb2e4d6b267e8e3f04beedf4d3c452cf0ea9e
100,754,334,2011-05-31,2012-05-29,884.71,2012-05-29 00:00:00.000,True,2006-06-23,9999-12-31 00:00:00,97429130211182c4e9769469518dfc3b6e086b23b242da6b71b5fb9b1dece594
101,801,335,2012-05-30,2013-05-29,605.65,2013-05-29 00:00:00.000,True,2006-06-23,9999-12-31 00:00:00,cda4561518d703b09cf582585acd890a8488d48aa49ae1781f6d0f9b80dd7cd9
102,801,335,2013-05-30,,713.08,2013-05-16 00:00:00.000,True,2006-06-23,9999-12-31 00:00:00,d416ee71fcb40070633ca91d686a83db1793cfcd8eb468f02a11793ad8796e1b
103,800,336,2012-05-30,2013-05-29,605.65,2013-05-29 00:00:00.000,True,2006-06-23,9999-12-31 00:00:00,b96ad897d367faecadc73d81b348e1989f7cb6dcda627f0c2c962f442bfd86b3
104,800,336,2013-05-30,,713.08,2013-05-16 00:00:00.000,True,2006-06-23,9999-12-31 00:00:00,440f70680ebf1bc6182f4b66203f8d19ecb7df05569864b8dd3b6908932c2044
105,799,337,2012-05-30,2013-05-29,605.65,2013-05-29 00:00:00.000,True,2006-06-23,9999-12-31 00:00:00,64541ea57c54dd6997899eabfdc66da8d34bd037e88e575247d99f93dc2fcd10
106,799,337,2013-05-30,,713.08,2013-05-16 00:00:00.000,True,2006-06-23,9999-12-31 00:00:00,1d6f453da4010521ebd7e9708ad6092125a8343551777cd8f6748869cdfed455
107,798,338,2012-05-30,2013-05-29,605.65,2013-05-29 00:00:00.000,True,2006-06-23,9999-12-31 00:00:00,23e9b1638e0e35e25b2b3c8697e1b7dbec933d04da233a713f13dc4d50a6b6b5
108,798,338,2013-05-30,,713.08,2013-05-16 00:00:00.000,True,2006-06-23,9999-12-31 00:00:00,7308212cee4d1657175f3ff0d4c9983e4349d290d1df51982969ee8005bb9148
109,797,339,2012-05-30,2013-05-29,605.65,2013-05-29 00:00:00.000,True,2006-06-23,9999-12-31 00:00:00,f16100d1bbcaeca68cc5580cb5eb5000c5a14d9ae8999d74dc84355aeb22fcec
110,797,339,2013-05-30,,713.08,2013-05-16 00:00:00.000,True,2006-06-23,9999-12-31 00:00:00,645877e88d4dd6e00392020f458d8b76368cf05f1bbb58476d9fe76acc45e7fd
111,770,340,2011-05-31,2012-05-29,413.15,2012-05-29 00:00:00.000,True,2006-06-23,9999-12-31 00:00:00,78b4e8699ef501e806d4978891452e75fb496aa14701a1b8250a0dfd8d66e81e
112,770,340,2012-05-30,2013-05-29,486.71,2013-05-29 00:00:00.000,True,2006-06-23,9999-12-31 00:00:00,da2c69ec5b2c57e1c2482dd28f64d8478a3656b29e8511e2fc733b4e356338f7
113,769,341,2011-05-31,2012-05-29,413.15,2012-05-29 00:00:00.000,True,2006-06-23,9999-12-31 00:00:00,babc0a568043897eb9b8cc311714c0fca8f73800b8a693c741ea17e1f25a8200
114,769,341,2012-05-30,2013-05-29,486.71,2013-05-29 00:00:00.000,True,2006-06-23,9999-12-31 00:00:00,f359bb2f6edd839b3d70cd1f49ec16a165cb96e46c00b767fd626f70720f5835
115,768,342,2011-05-31,2012-05-29,413.15,2012-05-29 00:00:00.000,True,2006-06-23,9999-12-31 00:00:00,20f14ba44fe26edf7fb255453d5882fb8b1ca22bcfe76212e1b350c374cf4fd5
116,768,342,2012-05-30,2013-05-29,486.71,2013-05-29 00:00:00.000,True,2006-06-23,9999-12-31 00:00:00,b869fa4dfad1dad1a4aefec16308c392272b954df6c2a36daca81ffaa1fef38c
117,767,343,2011-05-31,2012-05-29,413.15,2012-05-29 00:00:00.000,True,2006-06-23,9999-12-31 00:00:00,7f1072d72110fe5830d9707c2aa8d7f68a1d4c2982e5ebc81e85e77d95cc62fe
118,767,343,2012-05-30,2013-05-29,486.71,2013-05-29 00:00:00.000,True,2006-06-23,9999-12-31 00:00:00,c2642bdc90fb0a0189c00c40e0f4a5e988bc64f361b2b5842373233c5dba1929
119,766,344,2011-05-31,2012-05-29,413.15,2012-05-29 00:00:00.000,True,2006-06-23,9999-12-31 00:00:00,51b5d091daed3047e693d6eac45d56597f569a553432b43eadba9a30a52a4220
120,766,344,2012-05-30,2013-05-29,486.71,2013-05-29 00:00:00.000,True,2006-06-23,9999-12-31 00:00:00,23ca6c4c640569392536eb578aee5c966436693589dd14822fc1370403b4a9a3
121,765,345,2011-05-31,2012-05-29,413.15,2012-05-29 00:00:00.000,True,2006-06-23,9999-12-31 00:00:00,d53917808dabae7a69d589578769578b8d41fee43d01c80f92bed8efa4d63e92
122,765,345,2012-05-30,2013-05-29,486.71,2013-05-29 00:00:00.000,True,2006-06-23,9999-12-31 00:00:00,c82444b6734cf3df98fec375ff5c83a37d7e51aa941c70d6cbd6e1e1c3557614
123,764,346,2011-05-31,2012-05-29,413.15,2012-05-29 00:00:00.000,True,2006-06-23,9999-12-31 00:00:00,3d0231218de94335e7efcfea12fba64369a2418dad467bb3d1518f14385ff23b
124,764,346,2012-05-30,2013-05-29,486.71,2013-05-29 00:00:00.000,True,2006-06-23,9999-12-31 00:00:00,c295accfb84feb02a2c2f2115501e9ad48ad36c016c4a4432a398b5bf4c4017e
125,763,347,2011-05-31,2012-05-29,413.15,2012-05-29 00:00:00.000,True,2006-06-23,9999-12-31 00:00:00,efe448b5c2d8f8245f978bb14d1be3ac0ecd1bd1f2fca2cff247554ba9086f22
126,763,347,2012-05-30,2013-05-29,486.71,2013-05-29 00:00:00.000,True,2006-06-23,9999-12-31 00:00:00,1180a7b8cf3f0f87cab4ec747785511cd8d04d506cb11e24131b2ffb75a4eecf
127,762,348,2011-05-31,2012-05-29,413.15,2012-05-29 00:00:00.000,True,2006-06-23,9999-12-31 00:00:00,536826a1554cf27d8eeece682000b43d405fda2ef3ddc8226b1af1057bb1c317
128,762,348,2012-05-30,2013-05-29,486.71,2013-05-29 00:00:00.000,True,2006-06-23,9999-12-31 00:00:00,bf610e69824810d524e1b0d072a4d47a93729c1632a637d8f54d02bba25888c9
129,761,349,2011-05-31,2012-05-29,413.15,2012-05-29 00:00:00.000,True,2006-06-23,9999-12-31 00:00:00,ae0b0d70fb36be374829137f1d739433c62ad473cfd464c508e565eff0ccbf0d
130,761,349,2012-05-30,2013-05-29,486.71,2013-05-29 00:00:00.000,True,2006-06-23,9999-12-31 00:00:00,f72ea173a9d423fcdeba78937d2952fdf9a5f4e549d9ed8bac7d0fb5c74f2db1
131,760,350,2011-05-31,2012-05-29,413.15,2012-05-29 00:00:00.000,True,2006-06-23,9999-12-31 00:00:00,cd99410a7b3e0b162ed6edd2ccc03e9a7f4f36af0627e3ea7d1da90d37a45368
132,760,350,2012-05-30,2013-05-29,486.71,2013-05-29 00:00:00.000,True,2006-06-23,9999-12-31 00:00:00,9f2e3308124350f0033aa2f798d9b5232829980cf01e799496748e7fadc31111
133,759,351,2011-05-31,2012-05-29,413.15,2012-05-29 00:00:00.000,True,2006-06-23,9999-12-31 00:00:00,3b241fad4e27cfff82832df221cd238014c075ee6b37fd660f06384fabf560d6
134,759,351,2012-05-30,2013-05-29,486.71,2013-05-29 00:00:00.000,True,2006-06-23,9999-12-31 00:00:00,b727b7f5b27587c401ef848eb7bc9b6e28c2ba5e315d4b41bdd335d3647ccc5c
135,977,352,2013-05-30,,343.65,2013-05-16 00:00:00.000,True,2006-06-23,9999-12-31 00:00:00,1d6de1905ea3eda5c2ebc9950210f8627bb90d4aa34f177fa86072e8f944f9cf
136,997,353,2013-05-30,,343.65,2013-05-16 00:00:00.000,True,2006-06-23,9999-12-31 00:00:00,f494a3c8e9eb0a2d13b1165153a7bbf0b00ef37fbeec2ed98d54bf2e4c734fb0
137,998,354,2013-05-30,,343.65,2013-05-16 00:00:00.000,True,2006-06-23,9999-12-31 00:00:00,11dd1a5edf086a11fd312b2c03192be172c0ea240049a71ad8866a08d1f325b3
138,999,355,2013-05-30,,343.65,2013-05-16 00:00:00.000,True,2006-06-23,9999-12-31 00:00:00,6ec7d6de5610d3e4f942966bd373b4c9a5ccd6d92adf545787d93b8598d3c0bf
139,840,357,2012-05-30,2013-05-29,722.26,2013-05-29 00:00:00.000,True,2006-06-23,9999-12-31 00:00:00,af3ae7803bc536cfb9854372a27809ee17f0d168e5a03fc150f306de6d26ab7b
140,840,357,2013-05-30,,868.63,2013-05-16 00:00:00.000,True,2006-06-23,9999-12-31 00:00:00,d988ac0ff7924ef061d2250e0417b2775e88ed42a74fbf8e9c5825f4324d568e
141,839,358,2012-05-30,2013-05-29,722.26,2013-05-29 00:00:00.000,True,2006-06-23,9999-12-31 00:00:00,702e209f2f8d2988f621987618f638a4bb7574d6904542e4391f73df24970d2e
142,839,358,2013-05-30,,868.63,2013-05-16 00:00:00.000,True,2006-06-23,9999-12-31 00:00:00,740e12fac889cf3beb29b1a19423e51d6c21ebccca22f7f725caca5ccef61ad8
143,838,359,2012-05-30,2013-05-29,722.26,2013-05-29 00:00:00.000,True,2006-06-23,9999-12-31 00:00:00,b93658b8ba4c07778ddb0d63b06942b4d633030bcc8510695aea6aee2a7857ec
144,838,359,2013-05-30,,868.63,2013-05-16 00:00:00.000,True,2006-06-23,9999-12-31 00:00:00,151b71516d7e0ef2af793ec851693283c168378dd0c6c8833d1065421cfb87c0
145,837,360,2012-05-30,2013-05-29,722.26,2013-05-29 00:00:00.000,True,2006-06-23,9999-12-31 00:00:00,92491650f844ce5a4ef2e952c41b28b63d3e82f85698d2487a50cd127937a4af
146,837,360,2013-05-30,,868.63,2013-05-16 00:00:00.000,True,2006-06-23,9999-12-31 00:00:00,f86ffa7df56152f23e5ccd909d31e2b479d1a9e34a5b5da6665ffb876aa8e4d7
147,721,361,2011-05-31,2012-05-29,747.97,2012-05-29 00:00:00.000,True,2006-06-23,9999-12-31 00:00:00,be1fba7ad9474164744a74c8d0f5947dab7a526ec4eb9311847c11ad535f7556
148,721,361,2012-05-30,2013-05-29,722.26,2013-05-29 00:00:00.000,True,2006-06-23,9999-12-31 00:00:00,3294886ea5b7f47f264bfd12a45bb4d0f215bf88751ee47a86437157902996e9
149,721,361,2013-05-30,,868.63,2013-05-16 00:00:00.000,True,2006-06-23,9999-12-31 00:00:00,a4a7925460d79f7b1e4779b0d8b7670072221237d4c43548d5939965b68bdfe7
150,717,363,2011-05-31,2012-05-29,747.97,2012-05-29 00:00:00.000,True,2006-06-23,9999-12-31 00:00:00,6c9341ab4f2a036bfadcd3faf04bb7bc8d4c43fbaab8e08d3b15b060ae2dea60
151,717,363,2012-05-30,2013-05-29,722.26,2013-05-29 00:00:00.000,True,2006-06-23,9999-12-31 00:00:00,1971917990ccdb53a604a79dd486546c4d560db990911162313ce7739632b144
152,717,363,2013-05-30,,868.63,2013-05-16 00:00:00.000,True,2006-06-23,9999-12-31 00:00:00,4886a3e6cf40ed71629b322d85480ff492831d723f9267b2f3c9798517d5eb2a
153,718,364,2011-05-31,2012-05-29,747.97,2012-05-29 00:00:00.000,True,2006-06-23,9999-12-31 00:00:00,627cfba3ecbd32c45e7f8dfdaa9859eff392ae67d7fbb33bc4747a828b57ba5e
154,718,364,2012-05-30,2013-05-29,722.26,2013-05-29 00:00:00.000,True,2006-06-23,9999-12-31 00:00:00,3c04493496cf5a1e646d0bdb17225203fa59e67e7cc4bc1d62a5419069bca4e6
155,718,364,2013-05-30,,868.63,2013-05-16 00:00:00.000,True,2006-06-23,9999-12-31 00:00:00,deb6a3854a1ca07a0f35777e6cd453249bed54da9ccab6f8927d1d3da0c33dd2
156,719,365,2011-05-31,2012-05-29,747.97,2012-05-29 00:00:00.000,True,2006-06-23,9999-12-31 00:00:00,3c0e73df7952f8652f14a803dc4bc24725c1518f584d2cdcbdcf34edad2415e1
157,719,365,2012-05-30,2013-05-29,722.26,2013-05-29 00:00:00.000,True,2006-06-23,9999-12-31 00:00:00,a2de9027606700510a9184334499dbeb4f83df351de4c3a27147349747435354
158,719,365,2013-05-30,,868.63,2013-05-16 00:00:00.000,True,2006-06-23,9999-12-31 00:00:00,322539af3f9c8755c7f60133aefe50325f76bb41ec831b2c0f3be9e1dce7daef
159,720,366,2011-05-31,2012-05-29,747.97,2012-05-29 00:00:00.000,True,2006-06-23,9999-12-31 00:00:00,2b51b1a705cb63f9658c278ba48ce9405a650473b866406b121c87431907982b
160,720,366,2012-05-30,2013-05-29,722.26,2013-05-29 00:00:00.000,True,2006-06-23,9999-12-31 00:00:00,d6401f2fb780d4d75527feeef4838096f21320a7de5a127e7cfa5064d1c65a4f
161,720,366,2013-05-30,,868.63,2013-05-16 00:00:00.000,True,2006-06-23,9999-12-31 00:00:00,142f1ae06bedc5ae97ae0d1420964783797e5dda7914c819a8dab7bffbb9009d
162,734,367,2011-05-31,2012-05-29,352.14,2012-05-29 00:00:00.000,True,2006-06-23,9999-12-31 00:00:00,96679f6b80d193f8f45f546217e551c2628ab8de48c35d4a9c78f0b5870880d0
163,836,368,2012-05-30,2013-05-29,300.12,2013-05-29 00:00:00.000,True,2006-06-23,9999-12-31 00:00:00,34fad2aa2c29b9c82cb43a18b5f54ab679fd31aecd8d16d92c02bb65b9f0c65b
164,836,368,2013-05-30,,360.94,2013-05-16 00:00:00.000,True,2006-06-23,9999-12-31 00:00:00,20fc064613b4a823949850ae11c56ba79b5548be89cd2aef34db4a6751bcb217
165,835,369,2012-05-30,2013-05-29,300.12,2013-05-29 00:00:00.000,True,2006-06-23,9999-12-31 00:00:00,7b9ebfce13a117895af84c704fce0a1c489998ab5a6aac7e35fd2d4b0294f9bd
166,835,369,2013-05-30,,360.94,2013-05-16 00:00:00.000,True,2006-06-23,9999-12-31 00:00:00,f7dbc75d51e0065fcb47ed284c92b2c33bcfa096db3a636b33337ab08c08090d
167,834,370,2012-05-30,2013-05-29,300.12,2013-05-29 00:00:00.000,True,2006-06-23,9999-12-31 00:00:00,317a0936bb6be5e326d4ea962b2c7c266d68922cbf441b0abce2435eb17416b5
168,834,370,2013-05-30,,360.94,2013-05-16 00:00:00.000,True,2006-06-23,9999-12-31 00:00:00,574771b31eb7011e0dec742d4fe80d0d3554337a500e6ffc045bdae7de3edb7e
169,833,371,2012-05-30,2013-05-29,300.12,2013-05-29 00:00:00.000,True,2006-06-23,9999-12-31 00:00:00,e3a5b5cee5a00bf45fc0a080d8d9f4909257a05f2d0666839855b8169fb98cb6
170,833,371,2013-05-30,,360.94,2013-05-16 00:00:00.000,True,2006-06-23,9999-12-31 00:00:00,83dc2925065ed8d7c346a061b3a7a788948f7080192933ce50ca530fb91ee5b6
171,822,372,2012-05-30,2013-05-29,300.12,2013-05-29 00:00:00.000,True,2006-06-23,9999-12-31 00:00:00,4c716f4f0ab68793ba81e114f146c7880f8ba981dadccd76188b454839ddf054
172,822,372,2013-05-30,,360.94,2013-05-16 00:00:00.000,True,2006-06-23,9999-12-31 00:00:00,b5fd0945dca85912761e1a2b1590ca04b254639b809d54afdd6fc93c1fbd7818
173,735,373,2011-05-31,2012-05-29,352.14,2012-05-29 00:00:00.000,True,2006-06-23,9999-12-31 00:00:00,0b38eeb597111720e909beef7125f1417fa98a523c98a09897c300345c624dfe
174,733,374,2011-05-31,2012-05-29,352.14,2012-05-29 00:00:00.000,True,2006-06-23,9999-12-31 00:00:00,7993f00e45cdcbb83b2b00e210782d644b893799fafa1b7321523b75fc9430ff
175,732,375,2011-05-31,2012-05-29,352.14,2012-05-29 00:00:00.000,True,2006-06-23,9999-12-31 00:00:00,98e3f176696381c2de86584946935dbad49092195c2a634a5c2a2157e242fb0f
176,731,376,2011-05-31,2012-05-29,352.14,2012-05-29 00:00:00.000,True,2006-06-23,9999-12-31 00:00:00,db005e410fff3c163aab065a011a42760aae392b0b2399903e9bf1d3ed06b38e
177,736,377,2011-05-31,2012-05-29,176.2,2012-05-29 00:00:00.000,True,2006-06-23,9999-12-31 00:00:00,630adc0ffc79a9b5e553a01bc13811d02cf0105e9d66e8e280a25b0bd45444ff
178,736,377,2012-05-30,2013-05-29,170.14,2013-05-29 00:00:00.000,True,2006-06-23,9999-12-31 00:00:00,06eba34a1426042fa73b019cf62be706cbe6ae055e06e503b017953bd6f06e40
179,736,377,2013-05-30,,204.63,2013-05-16 00:00:00.000,True,2006-06-23,9999-12-31 00:00:00,1ac284b48c4fe1054bfe9c70ffc0e8b3363984a206e4ab00536bb751c2bb90bf
180,737,378,2011-05-31,2012-05-29,176.2,2012-05-29 00:00:00.000,True,2006-06-23,9999-12-31 00:00:00,4355b4f8ddc3bd1a7d040ab5dcb3a9d17683cbeb9a40386477cc15ef8dc1b0b6
181,737,378,2012-05-30,2013-05-29,170.14,2013-05-29 00:00:00.000,True,2006-06-23,9999-12-31 00:00:00,aa9b7287424b3c8be63f8042f90979d9da1a1b8699fc0d8a6875733549f2bb06
182,737,378,2013-05-30,,204.63,2013-05-16 00:00:00.000,True,2006-06-23,9999-12-31 00:00:00,169cc8d0ce925eeb51ebf44ab9b4eee9365e1b7dcc3ec97059bda3d3e65e0d7f
183,738,379,2011-05-31,2012-05-29,176.2,2012-05-29 00:00:00.000,True,2006-06-23,9999-12-31 00:00:00,396a57cb1a10c9060906f8d7892cd1c73ea22df474b62b29dd2415f501a3549d
184,738,379,2012-05-30,2013-05-29,170.14,2013-05-29 00:00:00.000,True,2006-06-23,9999-12-31 00:00:00,fe15c8ca64aa8cf1b258da6109ab7b7d80341013f4471760ac1774d8b4e395e0
185,738,379,2013-05-30,,204.63,2013-05-16 00:00:00.000,True,2006-06-23,9999-12-31 00:00:00,6eadd62ebe04cfe1822a424b10f8893fced1b7acd1620e6e239ee10e77f734de
186,730,380,2011-05-31,2012-05-29,181.49,2012-05-29 00:00:00.000,True,2006-06-23,9999-12-31 00:00:00,2c37cea97ebc8f88feaa78235fd91c0e5814b69ee0b2ac1d67606e1d1bd380a9
187,730,380,2012-05-30,2013-05-29,187.16,2013-05-29 00:00:00.000,True,2006-06-23,9999-12-31 00:00:00,94777c8ebd92f18c9a8394fa424483e02f606b68aca4e99a6be903a55fab9c95
188,729,381,2011-05-31,2012-05-29,181.49,2012-05-29 00:00:00.000,True,2006-06-23,9999-12-31 00:00:00,de1f9a2c8251d66a9888990a3829c7150d92cc9bcb21637d3c28b2a154732574
189,729,381,2012-05-30,2013-05-29,187.16,2013-05-29 00:00:00.000,True,2006-06-23,9999-12-31 00:00:00,929f9f053df32c4772f6f2a8cf9589b7d58a66f37d3e9e7e9a311cdecc62fa73
190,728,382,2011-05-31,2012-05-29,181.49,2012-05-29 00:00:00.000,True,2006-06-23,9999-12-31 00:00:00,62ac83490568840517f834b0ebcd9f2c7aa2f1eed37d213ce1d5fc3af4ba79d3
191,728,382,2012-05-30,2013-05-29,187.16,2013-05-29 00:00:00.000,True,2006-06-23,9999-12-31 00:00:00,46bfe8e04757408cbace373f9204b2c4a91d2cd2e0845db75ea41c956c9cdde9
192,727,383,2011-05-31,2012-05-29,181.49,2012-05-29 00:00:00.000,True,2006-06-23,9999-12-31 00:00:00,a75ab6512e5138773f38b6590f7233e36ec91b09b15ae43156b8ddada90ffac5
193,727,383,2012-05-30,2013-05-29,187.16,2013-05-29 00:00:00.000,True,2006-06-23,9999-12-31 00:00:00,3ee536361ffceb357b54ea2c2d69cf46f910a2ee3b850229bd451d14dc964dd4
194,726,384,2011-05-31,2012-05-29,181.49,2012-05-29 00:00:00.000,True,2006-06-23,9999-12-31 00:00:00,8c6008bcc75b3245d86264f2acde29c8ee35ad73b50ea6894eafb96b7978b491
195,726,384,2012-05-30,2013-05-29,187.16,2013-05-29 00:00:00.000,True,2006-06-23,9999-12-31 00:00:00,bffe65d3ad0c807fa355e98eccc67e023a616c6d4b7069daf2101e4bd053e2a1
196,725,385,2011-05-31,2012-05-29,181.49,2012-05-29 00:00:00.000,True,2006-06-23,9999-12-31 00:00:00,cac9d302cd25f9b296e30222e3b90bb7eb63eb6e091cffa69725e1c8f5a60e8a
197,725,385,2012-05-30,2013-05-29,187.16,2013-05-29 00:00:00.000,True,2006-06-23,9999-12-31 00:00:00,9b438cdbcef9be25e635fd9cf26308123eca52034854382d86612f186d39ea73
198,724,386,2011-05-31,2012-05-29,176.2,2012-05-29 00:00:00.000,True,2006-06-23,9999-12-31 00:00:00,454ad9f8911e088888d58b607de305a47ea44ff449271c74e441db718deb2e0c
199,724,386,2012-05-30,2013-05-29,170.14,2013-05-29 00:00:00.000,True,2006-06-23,9999-12-31 00:00:00,0d5dc27f6d685a87ae2ab882ab0d7f72001ca2cc563a57d8fc4b0bb0fd52757a
200,724,386,2013-05-30,,204.63,2013-05-16 00:00:00.000,True,2006-06-23,9999-12-31 00:00:00,19a5c0a1f26837bac292d241fcb22420be60969c19aec8f717705fa7e4774181
201,723,387,2011-05-31,2012-05-29,176.2,2012-05-29 00:00:00.000,True,2006-06-23,9999-12-31 00:00:00,c941d700a34b4016d5fa912313f82100d3fee1918268601c0cbba446280d8351
202,723,387,2012-05-30,2013-05-29,170.14,2013-05-29 00:00:00.000,True,2006-06-23,9999-12-31 00:00:00,08387e60beeac3cfa15716a39023a46d0e898455aa64fdf9791d2d398e99ca45
203,723,387,2013-05-30,,204.63,2013-05-16 00:00:00.000,True,2006-06-23,9999-12-31 00:00:00,19b41ceb489aefe845839109ecbb42f8d75f5e446fd5180f44877c91159076bb
204,722,388,2011-05-31,2012-05-29,176.2,2012-05-29 00:00:00.000,True,2006-06-23,9999-12-31 00:00:00,3ec8c2b8552cb325188d74515f52df5221f0f2cdd79dbbed8ddf884fb9c714cc
205,722,388,2012-05-30,2013-05-29,170.14,2013-05-29 00:00:00.000,True,2006-06-23,9999-12-31 00:00:00,ab33e204c2bb4221d876283069ff1275d376343cb7d17ab3e5fd6face8d0f796
206,722,388,2013-05-30,,204.63,2013-05-16 00:00:00.000,True,2006-06-23,9999-12-31 00:00:00,74bcbcd94b26f02b669f615c6bdc2ccaae04ec313080a91dd12568844b8c5775
207,881,389,2013-05-30,,41.57,2013-05-16 00:00:00.000,True,2006-06-23,9999-12-31 00:00:00,df3866d7edbc6180ae9400c9c6d79b0b0fe1bcd1da2bbcc28c99e4473b6e8b07
208,882,390,2013-05-30,,41.57,2013-05-16 00:00:00.000,True,2006-06-23,9999-12-31 00:00:00,83cb1e87fef5d4270b3d93f117b4328d7559c2cc0ca1003127350bec5a418ff5
209,883,391,2013-05-30,,41.57,2013-05-16 00:00:00.000,True,2006-06-23,9999-12-31 00:00:00,d5e9c30967e9bea7323ef91c53809d2240b2cc47a768221367947a191f73de0c
210,884,392,2013-05-30,,41.57,2013-05-16 00:00:00.000,True,2006-06-23,9999-12-31 00:00:00,886fdc5e45ebc6c0394ae9f8b53faf88beb034d3b2a3cc69538bf88e5f10370d
211,713,393,2011-05-31,2012-05-29,31.72,2012-05-29 00:00:00.000,True,2006-06-23,9999-12-31 00:00:00,e0832eda7c119ac5ec389356a8cddd569e681dc9813dab54e241c9590df8f0b0
212,713,393,2012-05-30,2013-05-29,29.08,2013-05-29 00:00:00.000,True,2006-06-23,9999-12-31 00:00:00,67dc46d73fad0f88494935d417d060c8bf0707f94ef6a7851ceec7da39daeba7
213,713,393,2013-05-30,,38.49,2013-05-16 00:00:00.000,True,2006-06-23,9999-12-31 00:00:00,18677991226744a62f20a4dde6449357dc05f7b4539dc9ffdd9a8c54ba696b66
214,714,394,2011-05-31,2012-05-29,31.72,2012-05-29 00:00:00.000,True,2006-06-23,9999-12-31 00:00:00,952d63fffb5b91163f07194ccdfade753dc704e0b103f50f27b7bb625a2a200f
215,714,394,2012-05-30,2013-05-29,29.08,2013-05-29 00:00:00.000,True,2006-06-23,9999-12-31 00:00:00,d733ae882d3502d220ee7c497284be1f7cc634ea8810c7e3e95b5692067aaf6f
216,714,394,2013-05-30,,38.49,2013-05-16 00:00:00.000,True,2006-06-23,9999-12-31 00:00:00,4d239c9182dfc68d38368c09bec598eaefa38e15256c986ce850d03b654a3f25
217,715,395,2011-05-31,2012-05-29,31.72,2012-05-29 00:00:00.000,True,2006-06-23,9999-12-31 00:00:00,b8e1270f1e575e0f991077c11c10f696a7c0700fbb035784d6d9a888a9f4e269
218,715,395,2012-05-30,2013-05-29,29.08,2013-05-29 00:00:00.000,True,2006-06-23,9999-12-31 00:00:00,bf6c0e25ebfed82893fbe368fe2367ee5abbb18866c1152bda3f8b3ae10908e8
219,715,395,2013-05-30,,38.49,2013-05-16 00:00:00.000,True,2006-06-23,9999-12-31 00:00:00,6ce6cde3234b204472ebe9cfcae1b5a653d5337b983168e4f49cc8cc948b0c41
220,716,396,2011-05-31,2012-05-29,31.72,2012-05-29 00:00:00.000,True,2006-06-23,9999-12-31 00:00:00,e71487697f5a6c3fe55ae3071b6556d7d5aa852445b7e21b161a1564638bb5c3
221,716,396,2012-05-30,2013-05-29,29.08,2013-05-29 00:00:00.000,True,2006-06-23,9999-12-31 00:00:00,753ebf9225879d07155751f11b7ce9686179a297738d264a35b934ce87e5441a
222,716,396,2013-05-30,,38.49,2013-05-16 00:00:00.000,True,2006-06-23,9999-12-31 00:00:00,b480d6ca4dacfadcee2e7c55ef5926cae606e5809df153880c494cf10645af0f
223,740,397,2011-05-31,2012-05-29,706.81,2012-05-29 00:00:00.000,True,2006-06-23,9999-12-31 00:00:00,e0c0eb4bba8c9e2d82cb22e96a27d9c3e9ba4bca71c65a80766d940359e9cc5b
224,741,398,2011-05-31,2012-05-29,706.81,2012-05-29 00:00:00.000,True,2006-06-23,9999-12-31 00:00:00,c37990d287be50192ce00e71ed1a060e83db4017c775f4265374e99d5c761174
225,742,399,2011-05-31,2012-05-29,623.84,2012-05-29 00:00:00.000,True,2006-06-23,9999-12-31 00:00:00,c37c421d7ab0c5779b23afb96e4f6b14227f13f5955aa92506666726b1281044
226,742,399,2012-05-30,2013-05-29,660.91,2013-05-29 00:00:00.000,True,2006-06-23,9999-12-31 00:00:00,3ebf71baed6bfe773186f74e6c743661758b11aeace70878efdf262b28d37003
227,742,399,2013-05-30,,747.2,2013-05-16 00:00:00.000,True,2006-06-23,9999-12-31 00:00:00,90d960b4cd26af5605e8c96f51463e303b986cae9bf3c7aab0578089ca88136d
228,748,400,2011-05-31,2012-05-29,623.84,2012-05-29 00:00:00.000,True,2006-06-23,9999-12-31 00:00:00,f53cd0eb1d313b01a8baaf5b82ef3a1170f26751bed21e9971ca6341242b5cf5
229,748,400,2012-05-30,2013-05-29,660.91,2013-05-29 00:00:00.000,True,2006-06-23,9999-12-31 00:00:00,f2414eb8f676f11c5c9cd3479508646b6a7d93d74e8f493b9e80f531a641be8c
230,748,400,2013-05-30,,747.2,2013-05-16 00:00:00.000,True,2006-06-23,9999-12-31 00:00:00,66cff18aef9f0bc50a770ea9cb095ea9790d69a776335b66d2ba0316f1a6da1c
231,739,401,2011-05-31,2012-05-29,623.84,2012-05-29 00:00:00.000,True,2006-06-23,9999-12-31 00:00:00,4e14d6074e39f60e9b835744312d051fccf907a961ba4959b9634238412e2305
232,739,401,2012-05-30,2013-05-29,660.91,2013-05-29 00:00:00.000,True,2006-06-23,9999-12-31 00:00:00,3612186cf2df17b32ad5003a2b565158e22af9cdd084a0715d96d731bf298c4f
233,739,401,2013-05-30,,747.2,2013-05-16 00:00:00.000,True,2006-06-23,9999-12-31 00:00:00,f602ea4e0c7a78cb8b809f5f1ab3b14a41553df6de343b6354fb70ae28726ba2
234,743,402,2011-05-31,2012-05-29,617.03,2012-05-29 00:00:00.000,True,2006-06-23,9999-12-31 00:00:00,e442b7a883c1d7c468f19525a5fc423f19090415d3714f1b2e488c3f03004b5a
235,743,402,2012-05-30,2013-05-29,653.7,2013-05-29 00:00:00.000,True,2006-06-23,9999-12-31 00:00:00,76d74bad1f98d41cd0b038de5e7e3defe54627db82c032f995791623e7763cea
236,743,402,2013-05-30,,739.04,2013-05-16 00:00:00.000,True,2006-06-23,9999-12-31 00:00:00,db87d644f3d8e3449cffb55d6ecf796e36e07c6f1cb9e1323df6f1bd30d67943
237,744,403,2011-05-31,2012-05-29,699.09,2012-05-29 00:00:00.000,True,2006-06-23,9999-12-31 00:00:00,ae288ca004b1b2d4bcb4011442d9a48c592159f64bbdceeedaababa7dce68b77
238,745,404,2011-05-31,2012-05-29,699.09,2012-05-29 00:00:00.000,True,2006-06-23,9999-12-31 00:00:00,24ffa436c56084af928e3ee6e919166ba2895457beb1e96d33c9d75d6142c924
239,746,405,2011-05-31,2012-05-29,617.03,2012-05-29 00:00:00.000,True,2006-06-23,9999-12-31 00:00:00,3f14b1f198a6bcf4571584058a3af373d8a874cfeed90df6e95898bb9887b2a8
240,746,405,2012-05-30,2013-05-29,653.7,2013-05-29 00:00:00.000,True,2006-06-23,9999-12-31 00:00:00,d1408888f9e4465386cc40eef0e866b16bda63ac4d13dfe4a74757df938e776f
241,746,405,2013-05-30,,739.04,2013-05-16 00:00:00.000,True,2006-06-23,9999-12-31 00:00:00,10f4c1b1c0cbb46f13dc7a2f10dbeed530a4a1e4e288f09648266f47a140dd31
242,747,406,2011-05-31,2012-05-29,617.03,2012-05-29 00:00:00.000,True,2006-06-23,9999-12-31 00:00:00,2515e5a64f8e46dfdfed25ea03a4691130987d02d6325e664bf936720f4246c0
243,747,406,2012-05-30,2013-05-29,653.7,2013-05-29 00:00:00.000,True,2006-06-23,9999-12-31 00:00:00,b8d7d5eeb11cdec0a56b439ec2605fb49b3771c9b22a49cffb376ab4cafec3f8
244,747,406,2013-05-30,,739.04,2013-05-16 00:00:00.000,True,2006-06-23,9999-12-31 00:00:00,07fba1a7e0910f50cc975f735e683d70b5b47045440dd35da920f4f6d09c2702
245,904,407,2013-05-30,,199.38,2013-05-16 00:00:00.000,True,2006-06-23,9999-12-31 00:00:00,cba413998c9a5d114e4c9f763c4f1d02e9f3986cbb46b3a86031a85f25e89f4c
246,942,408,2013-05-30,,199.38,2013-05-16 00:00:00.000,True,2006-06-23,9999-12-31 00:00:00,2ab9cd21008ec8256443dd0b87b0d985dfde53cb1947649e4c4f62306eb4f23e
247,906,409,2013-05-30,,199.38,2013-05-16 00:00:00.000,True,2006-06-23,9999-12-31 00:00:00,c2999bbf432e6fa73f1d4d5e2997134e0db48991d84783f51ea6d759ff3e6666
248,905,410,2013-05-30,,199.38,2013-05-16 00:00:00.000,True,2006-06-23,9999-12-31 00:00:00,a2ea136600f9d5786d706ff6453f5a1b7df02e8bb47a6304c6e03aab83f7ce7f
249,832,411,2012-05-30,2013-05-29,185.82,2013-05-29 00:00:00.000,True,2006-06-23,9999-12-31 00:00:00,9135b9ba6785a85f619151dd6f403bdf30efc4ca9c830ebfeaf19fc2952beade
250,831,412,2012-05-30,2013-05-29,185.82,2013-05-29 00:00:00.000,True,2006-06-23,9999-12-31 00:00:00,4d5a4a1bcb8d18287d327a5c2791553a52ba7fe56b58f144cc33796e68f14f43
251,830,413,2012-05-30,2013-05-29,185.82,2013-05-29 00:00:00.000,True,2006-06-23,9999-12-31 00:00:00,2f2395b4e8f95688b3a29de07cb2c2a2a03cf55d571ee0667709bbbf2f96fad8
252,814,414,2012-05-30,2013-05-29,185.82,2013-05-29 00:00:00.000,True,2006-06-23,9999-12-31 00:00:00,387000df0b289f2e40f2d0df646b052424208c1dff725770fd2d29829bf51bea
253,917,415,2013-05-30,,144.59,2013-05-16 00:00:00.000,True,2006-06-23,9999-12-31 00:00:00,629cc917d99c8fffcacf7578d9926e20e82bfb3b579a0845e4d6cb89a802e58c
254,918,416,2013-05-30,,144.59,2013-05-16 00:00:00.000,True,2006-06-23,9999-12-31 00:00:00,e65b8c796e7424f33a04ada704e6f4b26d77b42b4122d19891a033f7ecdc16ee
255,919,417,2013-05-30,,144.59,2013-05-16 00:00:00.000,True,2006-06-23,9999-12-31 00:00:00,4d71d7d6a86687ac61705c52bdd7279fa62abf7afd5bc016c447f8a47e29aefd
256,920,418,2013-05-30,,144.59,2013-05-16 00:00:00.000,True,2006-06-23,9999-12-31 00:00:00,f22deb010d6fbd2958c245f9d5de831a5a925bf2cef70aa80b9c4c320bb2c7f0
301,944,419,2013-05-30,,144.59,2013-05-16 00:00:00.000,True,2006-06-23,9999-12-31 00:00:00,fcb7d9a0d9e37d9109d704a8b73fe5a753243363e7328698c42c7d2e83b7fcb1
302,924,420,2013-05-30,,136.79,2013-05-16 00:00:00.000,True,2006-06-23,9999-12-31 00:00:00,58b38678c35cbaeaa54826ae5e417d2e8bee5170784e0d82c0c7347342e3c4e8
303,925,421,2013-05-30,,136.79,2013-05-16 00:00:00.000,True,2006-06-23,9999-12-31 00:00:00,7bb8a3a97f2048b9cd69ccdd00528e8d3b19920f41d7e19f81916de7277200c0
304,926,422,2013-05-30,,136.79,2013-05-16 00:00:00.000,True,2006-06-23,9999-12-31 00:00:00,931bc402f799e3e714444ecf7f8a063258226cc590156515e7a24ea6f4313a96
305,927,423,2013-05-30,,136.79,2013-05-16 00:00:00.000,True,2006-06-23,9999-12-31 00:00:00,345cfc105cd25f465f0f4611454a9bceb91e93ee1bfbb39dd49b0e41e9111411
306,943,424,2013-05-30,,136.79,2013-05-16 00:00:00.000,True,2006-06-23,9999-12-31 00:00:00,223e69c072ade03214c335b270eb6534ca26dc3ac207d69ee935a843dfa610ac
307,996,425,2013-05-30,,53.94,2013-05-16 00:00:00.000,True,2006-06-23,9999-12-31 00:00:00,240a784e82156314eb9c0ba5be413d522717df9bd6ee8b5fc48437e71c08082d
308,995,426,2013-05-30,,44.95,2013-05-16 00:00:00.000,True,2006-06-23,9999-12-31 00:00:00,dcf22288565213582852c98d52383a346a2c7684b38775523b4185964055b78c
309,994,427,2013-05-30,,23.97,2013-05-16 00:00:00.000,True,2006-06-23,9999-12-31 00:00:00,2df25564df704a679625a6f24472d843fbb672798a1368829ce8a10748daa05d
310,861,428,2012-05-30,2013-05-29,15.67,2013-05-29 00:00:00.000,True,2006-06-23,9999-12-31 00:00:00,4153b51a12176489203e94324aa76624eec2c21789138e7daf5ee406d64fe99a
311,862,429,2012-05-30,2013-05-29,15.67,2013-05-29 00:00:00.000,True,2006-06-23,9999-12-31 00:00:00,0384731ed6af41e6f3b1e5688e1a8615f2314ed820bd1fb3e4ef9ef10279a317
312,863,430,2012-05-30,2013-05-29,15.67,2013-05-29 00:00:00.000,True,2006-06-23,9999-12-31 00:00:00,30f71b6aa51e2cb7ab247f9145828e2e7c67fb66d5b1ac6223f1e72e20ec52a6
313,858,431,2012-05-30,2013-05-29,9.71,2013-05-29 00:00:00.000,True,2006-06-23,9999-12-31 00:00:00,221058428a1d4585e05757f0eb01752770debe22cdd089a26c4a7175126a899a
314,858,431,2013-05-30,,9.16,2013-05-16 00:00:00.000,True,2006-06-23,9999-12-31 00:00:00,709289c75e04aeaf6400be084fb91d384b4d1da6f77680f159753fd45812e2db
315,859,432,2012-05-30,2013-05-29,9.71,2013-05-29 00:00:00.000,True,2006-06-23,9999-12-31 00:00:00,2357fef022a4630f7b9f54e1a55ce008d8e7e893cb04ec5a8888fa2a048dfc54
316,859,432,2013-05-30,,9.16,2013-05-16 00:00:00.000,True,2006-06-23,9999-12-31 00:00:00,8356a522aadb78d4fd2b1ff297829f5532614f430993f3d046fcab81aee1de72
317,860,433,2012-05-30,2013-05-29,9.71,2013-05-29 00:00:00.000,True,2006-06-23,9999-12-31 00:00:00,8572562c328dcdbc42c8711627c3ff83dbe6ae37f575ad422d011bdf2bbb0f34
318,860,433,2013-05-30,,9.16,2013-05-16 00:00:00.000,True,2006-06-23,9999-12-31 00:00:00,4ae132cf03eeca7302ecd4aeda961158acec466058ab9104cc41aef8bafa300c
319,910,434,2013-05-30,,23.37,2013-05-16 00:00:00.000,True,2006-06-23,9999-12-31 00:00:00,957381531ed6e14fb648429c99f9210ffb364bc96431a25488ff726d2648797d
320,913,435,2013-05-30,,23.37,2013-05-16 00:00:00.000,True,2006-06-23,9999-12-31 00:00:00,2822247497a4ceb81c2a2635ad6dc95806bb40d1e37baeb0d16069169a9e7ed7
321,916,436,2013-05-30,,23.37,2013-05-16 00:00:00.000,True,2006-06-23,9999-12-31 00:00:00,22b0751a0a40362a1f5767a7ec702576d3acd1b514cbc0424673d1f57c875448
322,909,437,2013-05-30,,17.38,2013-05-16 00:00:00.000,True,2006-06-23,9999-12-31 00:00:00,74a4302da858a306dadf2c52bac704f734814ca8e926c6c58bccb7ac269da111
323,912,438,2013-05-30,,17.38,2013-05-16 00:00:00.000,True,2006-06-23,9999-12-31 00:00:00,04eba6d3b93b52902cbf67ad8cf257fa9280735a96e3ace687dfcb67fa1bf4aa
324,915,439,2013-05-30,,17.38,2013-05-16 00:00:00.000,True,2006-06-23,9999-12-31 00:00:00,a2bd3d1e85da1d76bb25f59efbf2a2d80748667d519619a384efd78820c86697
325,908,440,2013-05-30,,12.04,2013-05-16 00:00:00.000,True,2006-06-23,9999-12-31 00:00:00,6f54db740d564f74639366794d7459e82002d0baf9f26efa99bff8091224b7de
326,911,441,2013-05-30,,12.04,2013-05-16 00:00:00.000,True,2006-06-23,9999-12-31 00:00:00,3836722f0d174b2e559c616d316baf59babb4ecfd6ce1f83a9683ed70584c05b
327,914,442,2013-05-30,,12.04,2013-05-16 00:00:00.000,True,2006-06-23,9999-12-31 00:00:00,52b78509fa4adf64a4780b81ba949d31dd5e6089080f6b3832c0a7f59ab9b1d2
328,871,443,2013-05-30,,3.74,2013-05-16 00:00:00.000,True,2006-06-23,9999-12-31 00:00:00,5285c915ddfd3f6b7362692349082e72df8be409d45404eebbd53e3f4725de99
329,872,444,2013-05-30,,3.36,2013-05-16 00:00:00.000,True,2006-06-23,9999-12-31 00:00:00,63530a886f86f6eb0508ad5c996e67199fdba0be6852b07f284c6c08b7b41073
330,870,445,2013-05-30,,1.87,2013-05-16 00:00:00.000,True,2006-06-23,9999-12-31 00:00:00,76b4328003289e642f9b649b8b7d1e421c9f81c161335151eea5f08ea4793123
331,907,446,2013-05-30,,47.29,2013-05-16 00:00:00.000,True,2006-06-23,9999-12-31 00:00:00,9096164c692839242d3a6be1d212eb5dc07771be8769338fe7aeb3c1ee389fa8
332,948,447,2013-05-30,,47.29,2013-05-16 00:00:00.000,True,2006-06-23,9999-12-31 00:00:00,dd624940ffd34b5caede78661640beb3a3ff57085b9ff9e159fe8f714b521d14
333,810,448,2012-05-30,2013-05-29,48.55,2013-05-29 00:00:00.000,True,2006-06-23,9999-12-31 00:00:00,b3534360a2cff8c385cf34bd2fc4fe83d39aa6f8622d721a2bf6923a8f528c8c
334,810,448,2013-05-30,,53.4,2013-05-16 00:00:00.000,True,2006-06-23,9999-12-31 00:00:00,a173982dfb4137fd6a402bc5ef6db04695e770bf972337610916efdca950a46d
335,813,449,2012-05-30,2013-05-29,48.55,2013-05-29 00:00:00.000,True,2006-06-23,9999-12-31 00:00:00,98652e6ece1dbb2fc4e7f3c20f12b52021c1c7c58ffe3e9b453d702816733f2d
336,813,449,2013-05-30,,53.4,2013-05-16 00:00:00.000,True,2006-06-23,9999-12-31 00:00:00,fb52649f7c2695ce8d60f810dd307acc3e218166eea3e239615cfb18e1ddf543
337,947,450,2013-05-30,,40.66,2013-05-16 00:00:00.000,True,2006-06-23,9999-12-31 00:00:00,8b58c7695e736b8598fa705b009e7b6a6f4e1acce34b825d582b4a003fc9eaa9
338,809,451,2012-05-30,2013-05-29,24.99,2013-05-29 00:00:00.000,True,2006-06-23,9999-12-31 00:00:00,5373f9a958f2cce8a75eb94e34b375b438e112210f4e97c17bea93a27fb1fc63
339,809,451,2013-05-30,,27.49,2013-05-16 00:00:00.000,True,2006-06-23,9999-12-31 00:00:00,c61942dc75eae652bff17712e6767964372f00d7a8614fda03c0fca6085b6cac
340,812,452,2012-05-30,2013-05-29,24.99,2013-05-29 00:00:00.000,True,2006-06-23,9999-12-31 00:00:00,5c2ea4523560c92e2d415481d4a3e74ebf3f6a2dd85414dc1e1f8f6dd0c2f318
341,812,452,2013-05-30,,27.49,2013-05-16 00:00:00.000,True,2006-06-23,9999-12-31 00:00:00,fa21098240f252d0c48d9fd2df897b1e500e5663da8f382f682d8e7a785e2fc8
342,946,453,2013-05-30,,20.46,2013-05-16 00:00:00.000,True,2006-06-23,9999-12-31 00:00:00,125311823120e1d484ff68eebd4838f37b0d1849b8e6ff1e35239d04f41fb8b9
343,808,454,2012-05-30,2013-05-29,17.98,2013-05-29 00:00:00.000,True,2006-06-23,9999-12-31 00:00:00,51addd0119c87f21f78cceb941db0918c545ace8aff22366a528b77f87071ca3
344,808,454,2013-05-30,,19.78,2013-05-16 00:00:00.000,True,2006-06-23,9999-12-31 00:00:00,93be2d5e5f71fc20c33f8d34d099ec118a649f26e5825c060e81f152a5fb7977
345,811,455,2012-05-30,2013-05-29,17.98,2013-05-29 00:00:00.000,True,2006-06-23,9999-12-31 00:00:00,5ddb231b30834659f5cce231c0682f7d76dbd1e6ed72b77eb30295f0974adbbe
346,811,455,2013-05-30,,19.78,2013-05-16 00:00:00.000,True,2006-06-23,9999-12-31 00:00:00,84228c0db88b390898131679b234c5079cd972ee90418281c8298df968399feb
347,867,456,2013-05-30,,26.18,2013-05-16 00:00:00.000,True,2006-06-23,9999-12-31 00:00:00,7b76c9e2fd723573e4c2f85d0e57244585af4ae96997281f1edcd23cad1c2e86
348,868,457,2013-05-30,,26.18,2013-05-16 00:00:00.000,True,2006-06-23,9999-12-31 00:00:00,ebfb675d3e2252b6eb80ed1b85f7af23332738c6bcbcce320a52aff3b1d61efb
349,869,458,2013-05-30,,26.18,2013-05-16 00:00:00.000,True,2006-06-23,9999-12-31 00:00:00,154d3c728326e94938e47d15736a996fcee9378789656b32461295070ee54292
350,841,459,2012-05-30,2013-05-29,24.75,2013-05-29 00:00:00.000,True,2006-06-23,9999-12-31 00:00:00,10e35db5196eb5cce9196b301e18b1071c4d2312ebed34d69f3d40626d82db36
351,849,460,2012-05-30,2013-05-29,24.75,2013-05-29 00:00:00.000,True,2006-06-23,9999-12-31 00:00:00,154b339f52161e431882012c2aa5ad72b7a43049c99e33066e1b5f453166bc36
352,850,461,2012-05-30,2013-05-29,24.75,2013-05-29 00:00:00.000,True,2006-06-23,9999-12-31 00:00:00,1827485093110db14811fc8bd7ef556b9d9639f3028ea7455baaef8c42904e9d
353,851,462,2012-05-30,2013-05-29,24.75,2013-05-29 00:00:00.000,True,2006-06-23,9999-12-31 00:00:00,8443f39e5298dfdf8c0bdb1d15b745f2625bfe9865dfe4f02012cef911d7c26e
354,879,463,2013-05-30,,59.47,2013-05-16 00:00:00.000,True,2006-06-23,9999-12-31 00:00:00,370b3e5f15c9ca0c42cc3270e2f4117eff6a40870d01dff8979ab91adf36abfb
355,842,464,2012-05-30,2013-05-29,51.56,2013-05-29 00:00:00.000,True,2006-06-23,9999-12-31 00:00:00,94d04d9dfe9b8ab956a5d6a67b8f55f421092ca0069b4f39ecf784a448dd9707
356,880,465,2013-05-30,,20.57,2013-05-16 00:00:00.000,True,2006-06-23,9999-12-31 00:00:00,6e8e3a1d1cd0ad167b91d9f14e929d22318643f7e6a7fd436ac66647335a9acb
357,807,466,2012-05-30,2013-05-29,55.38,2013-05-29 00:00:00.000,True,2006-06-23,9999-12-31 00:00:00,0f2293499c3ab69e0c2bc8980e29b18e6b2e9678d14d8ea39f8a5c7c1c2cb2a3
358,806,467,2012-05-30,2013-05-29,45.42,2013-05-29 00:00:00.000,True,2006-06-23,9999-12-31 00:00:00,e8baca4b1dd8dc007f2d6479450ca45d683ad7ee9b873169488b870fec321757
359,805,468,2012-05-30,2013-05-29,15.18,2013-05-29 00:00:00.000,True,2006-06-23,9999-12-31 00:00:00,8124f93ece7954fc6843bacdd3c916ae1ce630002cd249855a72c94941b06c72
360,852,469,2012-05-30,2013-05-29,30.93,2013-05-29 00:00:00.000,True,2006-06-23,9999-12-31 00:00:00,6b2c336bb5b3f57d300431999a118dca09440307e801a97c858696a2ba6a9f9a
361,853,470,2012-05-30,2013-05-29,30.93,2013-05-29 00:00:00.000,True,2006-06-23,9999-12-31 00:00:00,95fab6ff4158553ffd858037c00c959e9ced9855db336e8f2b2e4c6ff6ab85d2
362,854,471,2012-05-30,2013-05-29,30.93,2013-05-29 00:00:00.000,True,2006-06-23,9999-12-31 00:00:00,a5b45f71512511842ae94cd12a9c964ef1a43a99ecff8172d234c128e62a3070
363,828,472,2012-05-30,2013-05-29,158.53,2013-05-29 00:00:00.000,True,2006-06-23,9999-12-31 00:00:00,2935f1227dd4f83d84214b712f03760ce15bdb732693819541a43f0587c751c3
364,820,473,2012-05-30,2013-05-29,146.55,2013-05-29 00:00:00.000,True,2006-06-23,9999-12-31 00:00:00,98dda753a47bf0af4c84574e38cdf99c38c3541f0cee8cac3ee410fe1be6442e
365,825,474,2012-05-30,2013-05-29,145.28,2013-05-29 00:00:00.000,True,2006-06-23,9999-12-31 00:00:00,06897da00edb864489e8c16a75d53c015736ca6d37d10808c14d5d8b8ba18470
366,817,475,2012-05-30,2013-05-29,133.3,2013-05-29 00:00:00.000,True,2006-06-23,9999-12-31 00:00:00,83a3f28e80100272cd30388d75d6b792c7dcf64ab3c310a2cee40b99f7eb1054
367,827,476,2012-05-30,2013-05-29,122.27,2013-05-29 00:00:00.000,True,2006-06-23,9999-12-31 00:00:00,3339e2f74f41d17e8afa988ba741768b329f500da558763c09d06d9da06195b6
368,819,477,2012-05-30,2013-05-29,110.28,2013-05-29 00:00:00.000,True,2006-06-23,9999-12-31 00:00:00,c65126fc370fb730fc8d3715fa4cafb09c51ef1b5cbab823c827c229d7578be5
369,829,478,2012-05-30,2013-05-29,108.78,2013-05-29 00:00:00.000,True,2006-06-23,9999-12-31 00:00:00,bee6b91ce6860063276b52aa03b8644dad56d9c5e8de12433ec582b99493237d
370,824,479,2012-05-30,2013-05-29,104.8,2013-05-29 00:00:00.000,True,2006-06-23,9999-12-31 00:00:00,b41f3ed826edd62ac03e22e0b7f88804c7c74a763eda9f4473612e0356044c69
371,821,480,2012-05-30,2013-05-29,96.8,2013-05-29 00:00:00.000,True,2006-06-23,9999-12-31 00:00:00,108390d4fd7090d49448d0e51d96081385998b7e25329bcd5eeb1adcb344fd1a
372,816,481,2012-05-30,2013-05-29,92.81,2013-05-29 00:00:00.000,True,2006-06-23,9999-12-31 00:00:00,619321c4f2212c1119d368ae346902a4b7e83f9db5652d2f854054b0ffdbb9eb
373,826,482,2012-05-30,2013-05-29,49.98,2013-05-29 00:00:00.000,True,2006-06-23,9999-12-31 00:00:00,45dcd2a438aafcdca18703ba48dac031ba8dff4aed5b42dc281e1b46c1866ceb
374,823,483,2012-05-30,2013-05-29,38.96,2013-05-29 00:00:00.000,True,2006-06-23,9999-12-31 00:00:00,e91b40a9217d4fb57fc79ebcf9b9234399562699b6e67ab6c6be666ab5ce8376
375,818,484,2012-05-30,2013-05-29,37.99,2013-05-29 00:00:00.000,True,2006-06-23,9999-12-31 00:00:00,a9b9690b0854ab0baef2bcd7786edd37bf1e2e4e3defe5d9f79be7dca6b91bd2
376,815,485,2012-05-30,2013-05-29,26.97,2013-05-29 00:00:00.000,True,2006-06-23,9999-12-31 00:00:00,e6674aab63dd868ad29e88775bcb3600aabf9fd08b3d38541d01f2ab8a7d084f
377,709,486,2011-05-31,2012-05-29,3.4,2012-05-29 00:00:00.000,True,2006-06-23,9999-12-31 00:00:00,868570839101b5b0cd96819d77c8a88a0b465ea1804d8c76d7094ff04d931882
378,710,487,2011-05-31,2012-05-29,3.4,2012-05-29 00:00:00.000,True,2006-06-23,9999-12-31 00:00:00,e61b1e81f4416565fb2ec56e06d49d07d6899dacb9951035005b972b32804872
379,874,488,2013-05-30,,3.36,2013-05-16 00:00:00.000,True,2006-06-23,9999-12-31 00:00:00,739c36b0585d3f3036519aeb2704fc170c04fc26ee090686d66456d42a4b90ab
380,875,489,2013-05-30,,3.36,2013-05-16 00:00:00.000,True,2006-06-23,9999-12-31 00:00:00,8e1ed074b9bb1b3bed6c95f4a8db99fc23a4f4ddfd8001a1035d0c14d0667270
381,855,490,2012-05-30,2013-05-29,37.12,2013-05-29 00:00:00.000,True,2006-06-23,9999-12-31 00:00:00,94e56965eb5aa866558751bfde8f9787009fad849d2ff135760f4eea14439414
382,856,491,2012-05-30,2013-05-29,37.12,2013-05-29 00:00:00.000,True,2006-06-23,9999-12-31 00:00:00,18eb13313268d4fbd33395068d3f7f19ea5db33ab00a84ab4a227a9d6ca7e60a
383,857,492,2012-05-30,2013-05-29,37.12,2013-05-29 00:00:00.000,True,2006-06-23,9999-12-31 00:00:00,e26c9c33ab16b2f11a3a1d1eb5682288fd837d3a56ca2db3bcd53659fa3f4d06
384,952,493,2013-05-30,,8.99,2013-05-16 00:00:00.000,True,2006-06-23,9999-12-31 00:00:00,5fe7322c64020fdaff42465f24099569450232eededda6bae66e8575c2f15a5f
385,930,494,2013-05-30,,13.09,2013-05-16 00:00:00.000,True,2006-06-23,9999-12-31 00:00:00,c19a8413abdd1a1d68efe8295bc25f1622f7cdb6d5bbc39ea20a3223b242401e
386,933,495,2013-05-30,,12.19,2013-05-16 00:00:00.000,True,2006-06-23,9999-12-31 00:00:00,4895e513fc694d442bb3843a022419368bf75da16c1b3c6d68a1fd3d3ef16743
387,929,496,2013-05-30,,11.22,2013-05-16 00:00:00.000,True,2006-06-23,9999-12-31 00:00:00,20ef254968af0cf2b3bf11e62e9002255e006b4cefc3cde0d5a4faab445adb60
388,934,497,2013-05-30,,10.84,2013-05-16 00:00:00.000,True,2006-06-23,9999-12-31 00:00:00,093e34c469d2186e75ec884124719d9559896c629ffc9d18828f93cb2c39161d
389,928,498,2013-05-30,,9.35,2013-05-16 00:00:00.000,True,2006-06-23,9999-12-31 00:00:00,e41fc95781a455a2f93d2875c92a1f7733baa1c194e3fa2fcfe0404318e4a068
390,932,499,2013-05-30,,9.35,2013-05-16 00:00:00.000,True,2006-06-23,9999-12-31 00:00:00,8aa0445e2d776cb50b9e58c1e86d909e037623a9e5f365dde87c38e2a79aa127
391,931,500,2013-05-30,,8.04,2013-05-16 00:00:00.000,True,2006-06-23,9999-12-31 00:00:00,f21c5aad2e12abf28905077042a6467e37fda9b3da820ddf94a91a659c448f25
392,921,501,2013-05-30,,1.87,2013-05-16 00:00:00.000,True,2006-06-23,9999-12-31 00:00:00,cd7ae7d6f8515159610240073cbaa50cc2d6e6d790daaac2911ba8230e65a30d
393,923,502,2013-05-30,,1.87,2013-05-16 00:00:00.000,True,2006-06-23,9999-12-31 00:00:00,a537a8dd66b57c5d0afafb1036cd7d759130bc28fe0d401d3e465cdbe274d58d
394,922,503,2013-05-30,,1.49,2013-05-16 00:00:00.000,True,2006-06-23,9999-12-31 00:00:00,74eee12597e167ff844cafa9c7ded62a24f669140e286883dd4a756ab7b464e8
395,873,504,2013-05-30,,0.86,2013-05-16 00:00:00.000,True,2006-06-23,9999-12-31 00:00:00,01058ce31e7155c9ff95ee2e45461ae9dc7195e6b4c132b74b7f3b1e655d67c5
396,843,505,2012-05-30,2013-05-29,10.31,2013-05-29 00:00:00.000,True,2006-06-23,9999-12-31 00:00:00,df7b9153af6f1e4db88fbc74caf812bd43b5287cec65f55ccd9f681de1a79104
397,954,506,2013-05-30,,1481.94,2013-05-16 00:00:00.000,True,2006-06-23,9999-12-31 00:00:00,403c70e165633dda7b88d74067b10d1df89fdc1a517cf50cd618238a76bcab68
398,955,507,2013-05-30,,1481.94,2013-05-16 00:00:00.000,True,2006-06-23,9999-12-31 00:00:00,38aec6c8e07c6a6b8097ac1e553d706921034754d45a5690d08160cf9209bf86
399,956,508,2013-05-30,,1481.94,2013-05-16 00:00:00.000,True,2006-06-23,9999-12-31 00:00:00,56848eae6761271654249ed1c92f0ae7df6baae63ed1d7882d425ffa4c5ae4e1
400,957,509,2013-05-30,,1481.94,2013-05-16 00:00:00.000,True,2006-06-23,9999-12-31 00:00:00,19bc8268c67d00ee60b3287a237cb8dad2180e96d3c8c488a0c8ec7d145306ba
401,969,510,2013-05-30,,1481.94,2013-05-16 00:00:00.000,True,2006-06-23,9999-12-31 00:00:00,216b300f4ee47fc22ed162176230cb0ab7ab2429771f891915d6e6669524e8f3
402,968,511,2013-05-30,,1481.94,2013-05-16 00:00:00.000,True,2006-06-23,9999-12-31 00:00:00,898e01676a40f46c96c71662bd341fe021678d6cdc8195e8d15e611ead96bea4
403,967,512,2013-05-30,,1481.94,2013-05-16 00:00:00.000,True,2006-06-23,9999-12-31 00:00:00,e0e724603a5146875d3e40ff49228dc86ea1e14ae9c673c0cd41fb9250628f93
404,966,513,2013-05-30,,1481.94,2013-05-16 00:00:00.000,True,2006-06-23,9999-12-31 00:00:00,fece0afc60335f3d6ce23014791ca6e34e012574f5d7fce15244d2406de7d26d
405,953,514,2013-05-30,,755.15,2013-05-16 00:00:00.000,True,2006-06-23,9999-12-31 00:00:00,e2ed271be681443e557684de276790fb044d2c815f0bca40df683351dd2902cd
406,972,515,2013-05-30,,755.15,2013-05-16 00:00:00.000,True,2006-06-23,9999-12-31 00:00:00,2b0e733dc2db1e3b4a84e94d2b09569331bb97ada28d4b65d6645db1c6a896cd
407,971,516,2013-05-30,,755.15,2013-05-16 00:00:00.000,True,2006-06-23,9999-12-31 00:00:00,f20005555178821cbaaa4c01bb2dc3e41cef87ed3df039c561fe38b1ced3a176
408,970,517,2013-05-30,,755.15,2013-05-16 00:00:00.000,True,2006-06-23,9999-12-31 00:00:00,6ae6b49011080e20b99b7ad3917ec025970d60fea282948316b5b47bcce950d9
409,979,518,2013-05-30,,461.44,2013-05-16 00:00:00.000,True,2006-06-23,9999-12-31 00:00:00,59512c5f4c3dc488c69ee56ffe18d9aef94c48a8ab88fa7d1b0f284e6d66b6d7
410,978,519,2013-05-30,,461.44,2013-05-16 00:00:00.000,True,2006-06-23,9999-12-31 00:00:00,d8b9d468bcaf4ff1c54ca864d41883fdae3387f4ca858d12da44b13467598814
411,965,520,2013-05-30,,461.44,2013-05-16 00:00:00.000,True,2006-06-23,9999-12-31 00:00:00,4f85d02a58ad0a3ada0b705a496bbd229d69afdfaef4b6297fb9feba1a0d7d4c
412,964,521,2013-05-30,,461.44,2013-05-16 00:00:00.000,True,2006-06-23,9999-12-31 00:00:00,1e51952b6d42e798d4e830f4d35691b3fe5e4bceb912ebfd529cf30d30963094
413,963,522,2013-05-30,,461.44,2013-05-16 00:00:00.000,True,2006-06-23,9999-12-31 00:00:00,da76abd3a654fd63a6108d4b262145bc2736f2414d5deff21c44082532d47fb2
414,962,523,2013-05-30,,461.44,2013-05-16 00:00:00.000,True,2006-06-23,9999-12-31 00:00:00,a23e16e9f8cdec6c313fcaca862d5c3846eab20eed5135218e1e27abcb2fb8c0
415,961,524,2013-05-30,,461.44,2013-05-16 00:00:00.000,True,2006-06-23,9999-12-31 00:00:00,51e783f1563af782de7e3047fdc697871d45aba1ee10987c39f15e9cdf97af64
416,960,525,2013-05-30,,461.44,2013-05-16 00:00:00.000,True,2006-06-23,9999-12-31 00:00:00,c6b46c74f9e6c8693b65146552424fcb102868efd3ff20c542818b46a0e6c072
417,959,526,2013-05-30,,461.44,2013-05-16 00:00:00.000,True,2006-06-23,9999-12-31 00:00:00,27f7604302a7c36b2b86fc86a5019adb067b5888f4d7cd6f3802dfc2a05f8765
418,958,527,2013-05-30,,461.44,2013-05-16 00:00:00.000,True,2006-06-23,9999-12-31 00:00:00,3874cf9ace82ae529875faba4be9c52474ef886c94fe22afc228a5e2ac707311
419,845,528,2012-05-30,2013-05-29,10.31,2013-05-29 00:00:00.000,True,2006-06-23,9999-12-31 00:00:00,c42ae0ff9ee04f55c4e24dc66b42c0606752a9884c698680a5a918de766b2136
420,844,529,2012-05-30,2013-05-29,8.25,2013-05-29 00:00:00.000,True,2006-06-23,9999-12-31 00:00:00,87331e63c555f60913fbcff29a3c48a2c1f5eab7ebfe8bad82c43becc591f61e
421,887,530,2013-05-30,,601.74,2013-05-16 00:00:00.000,True,2006-06-23,9999-12-31 00:00:00,c24be3f96e20def4bc30ad4bc0798b4f39a9ea5d9ef1022cf24052cf70c2e995
422,888,531,2013-05-30,,601.74,2013-05-16 00:00:00.000,True,2006-06-23,9999-12-31 00:00:00,68c15f2129bfa42c57998d5fe5ba1a6b892560a709e26e5f7edd13fb126fee96
423,889,532,2013-05-30,,601.74,2013-05-16 00:00:00.000,True,2006-06-23,9999-12-31 00:00:00,6c8cdce5f90ad415e90256e4be8f52701e1f9d20007c92f7814a9ca0a1ef4b6c
424,890,533,2013-05-30,,601.74,2013-05-16 00:00:00.000,True,2006-06-23,9999-12-31 00:00:00,f690d30851e9d94918cbdbce276f2e5e38be4ea9069ec67629145c77684922bd
425,891,534,2013-05-30,,601.74,2013-05-16 00:00:00.000,True,2006-06-23,9999-12-31 00:00:00,e848f115c282d790cf3ef0add0deea0df0b2d09c21f324c7850f8e99694a4227
426,892,535,2013-05-30,,601.74,2013-05-16 00:00:00.000,True,2006-06-23,9999-12-31 00:00:00,2e6759775813a8e95534533dedf36f8fae4971820ac66446b46fa618b09e3bd8
427,893,536,2013-05-30,,601.74,2013-05-16 00:00:00.000,True,2006-06-23,9999-12-31 00:00:00,6b510d77bc1abe2c0d0455a2b673960cbc0051a29372bb7ea8599ebbc3450b8d
428,885,537,2013-05-30,,601.74,2013-05-16 00:00:00.000,True,2006-06-23,9999-12-31 00:00:00,c7cac06e08b19f34ab76bc4a8b17844834b9333d200c3ab009edb5939be525cd
429,895,538,2013-05-30,,199.85,2013-05-16 00:00:00.000,True,2006-06-23,9999-12-31 00:00:00,ba7d234303af73dd59b0f54e34355b6cc3368a1de381f61948d18857a605bc79
430,903,539,2013-05-30,,199.85,2013-05-16 00:00:00.000,True,2006-06-23,9999-12-31 00:00:00,c6269852c44276e3198f8e3fa2e36fa40de0dcbcd983351df121aef89358a811
431,902,540,2013-05-30,,199.85,2013-05-16 00:00:00.000,True,2006-06-23,9999-12-31 00:00:00,b39045db82d14264d2e69f8cadaed6ed48004cbf095fb69fcbbfa742ffe14f0c
432,901,541,2013-05-30,,199.85,2013-05-16 00:00:00.000,True,2006-06-23,9999-12-31 00:00:00,57e7b0f5f09222d2dc9c33c91e2d703c7cbe985654943ccd32bff5ac563e453b
433,900,542,2013-05-30,,199.85,2013-05-16 00:00:00.000,True,2006-06-23,9999-12-31 00:00:00,e92e4f1511bfb45c976727558bd7dbfd2dd57f161adad9f62b19d77b82b8daa2
434,899,543,2013-05-30,,199.85,2013-05-16 00:00:00.000,True,2006-06-23,9999-12-31 00:00:00,97eafe879461a165a90e1eba2fd096ee6a35efb6310a0a0fea40e221c97b7b22
435,898,544,2013-05-30,,199.85,2013-05-16 00:00:00.000,True,2006-06-23,9999-12-31 00:00:00,48c17ca1e9e0abb1a6cf8a6f8cb004888a28da2b3c1281d29c85b2804d0fdd36
436,897,545,2013-05-30,,199.85,2013-05-16 00:00:00.000,True,2006-06-23,9999-12-31 00:00:00,e3962629b1460eacd978f9918c3bc22c9fe881168ec23fb892fb6e7911e81b34
437,896,546,2013-05-30,,199.85,2013-05-16 00:00:00.000,True,2006-06-23,9999-12-31 00:00:00,910f5b3be09c47544d1a58e6945454cb8092d773465e781d1102c914b48deeb4
438,886,547,2013-05-30,,199.85,2013-05-16 00:00:00.000,True,2006-06-23,9999-12-31 00:00:00,b1291c7d78b10879a4009c974117b68c61dcb6568bc7e83a1fb3bfe45453f92e
439,877,548,2013-05-30,,2.97,2013-05-16 00:00:00.000,True,2006-06-23,9999-12-31 00:00:00,c8d78d2f75e7642971bd14c26fbed9ccc54b7f80ad914fbc33d126f9ca636b29
